Time,Object
2026-06-20 07:47:30.847751,person
2026-06-20 07:47:30.917498,person
2026-06-20 07:47:30.989448,person
2026-06-20 07:47:31.062914,person
2026-06-20 07:47:31.130115,person
2026-06-20 07:47:31.195090,person
2026-06-20 07:47:31.262898,person
2026-06-20 07:47:31.326033,person
2026-06-20 07:47:31.390360,person
2026-06-20 07:47:31.457810,person
2026-06-20 07:47:31.530193,person
2026-06-20 07:47:31.594303,person
2026-06-20 07:47:31.656027,person
2026-06-20 07:47:31.720006,person
2026-06-20 07:47:31.782568,person
2026-06-20 07:47:31.846603,person
2026-06-20 07:47:31.906553,person
2026-06-20 07:47:31.993803,person
2026-06-20 07:47:32.049428,person
2026-06-20 07:47:32.104879,person
2026-06-20 07:47:32.164048,person
2026-06-20 07:47:32.222253,person
2026-06-20 07:47:32.279554,person
2026-06-20 07:47:32.332036,person
2026-06-20 07:47:32.387699,person
2026-06-20 07:47:32.442673,person
2026-06-20 07:47:32.506309,person
2026-06-20 07:47:32.563668,person
2026-06-20 07:47:32.618307,person
2026-06-20 07:47:32.670599,person
2026-06-20 07:47:32.729957,person
2026-06-20 07:47:32.786946,person
2026-06-20 07:47:32.847213,person
2026-06-20 07:47:32.906715,person
2026-06-20 07:47:32.966476,person
2026-06-20 07:47:33.026719,person
2026-06-20 07:47:33.082716,person
2026-06-20 07:47:33.135010,person
2026-06-20 07:47:33.187873,person
2026-06-20 07:47:33.246393,person
2026-06-20 07:47:33.301086,person
2026-06-20 07:47:33.353879,person
2026-06-20 07:47:33.425529,person
2026-06-20 07:47:33.481929,person
2026-06-20 07:47:33.541863,person
2026-06-20 07:47:33.596221,person
2026-06-20 07:47:33.651093,person
2026-06-20 07:47:33.711327,person
2026-06-20 07:47:33.768108,person
2026-06-20 07:47:33.826807,person
2026-06-20 07:47:33.884856,person
2026-06-20 07:47:33.943831,person
2026-06-20 07:47:34.002121,person
2026-06-20 07:47:34.059944,person
2026-06-20 07:47:34.118174,person
2026-06-20 07:47:34.174683,person
2026-06-20 07:47:34.230953,person
2026-06-20 07:47:34.287215,person
2026-06-20 07:47:34.344038,person
2026-06-20 07:47:34.403121,person
2026-06-20 07:47:34.461193,person
2026-06-20 07:47:34.517824,person
2026-06-20 07:47:34.572628,person
2026-06-20 07:47:34.629529,person
2026-06-20 07:47:34.687019,person
2026-06-20 07:47:34.743463,person
2026-06-20 07:47:34.801624,person
2026-06-20 07:47:34.857613,person
2026-06-20 07:47:34.913424,person
2026-06-20 07:47:34.970682,person
2026-06-20 07:47:35.027057,person
2026-06-20 07:47:35.084141,person
2026-06-20 07:47:35.138781,person
2026-06-20 07:47:35.190200,person
2026-06-20 07:47:35.248070,person
2026-06-20 07:47:35.304444,person
2026-06-20 07:47:35.362164,person
2026-06-20 07:47:35.422089,person
2026-06-20 07:47:35.478532,person
2026-06-20 07:47:35.535498,person
2026-06-20 07:47:35.589576,person
2026-06-20 07:47:35.649685,person
2026-06-20 07:47:35.704752,person
2026-06-20 07:47:35.759064,person
2026-06-20 07:47:35.815874,person
2026-06-20 07:47:35.871045,person
2026-06-20 07:47:35.922639,person
2026-06-20 07:47:36.187203,person
2026-06-20 07:47:36.241651,person
2026-06-20 07:47:36.289886,person
2026-06-20 07:47:36.340510,person
2026-06-20 07:47:36.390559,person
2026-06-20 07:47:36.446293,person
2026-06-20 07:47:36.499062,person
2026-06-20 07:47:36.555015,person
2026-06-20 07:47:36.610757,person
2026-06-20 07:47:36.662755,person
2026-06-20 07:47:36.717478,person
2026-06-20 07:47:36.772817,person
2026-06-20 07:47:36.834358,person
2026-06-20 07:47:36.886525,person
2026-06-20 07:47:36.934970,person
2026-06-20 07:47:36.986884,person
2026-06-20 07:47:37.036414,person
2026-06-20 07:47:37.085025,person
2026-06-20 07:47:37.132751,person
2026-06-20 07:47:37.187818,person
2026-06-20 07:47:37.237468,person
2026-06-20 07:47:37.289865,person
2026-06-20 07:47:37.340970,person
2026-06-20 07:47:37.393129,person
2026-06-20 07:47:37.446063,person
2026-06-20 07:47:37.495962,person
2026-06-20 07:47:37.547996,person
2026-06-20 07:47:37.599844,person
2026-06-20 07:47:37.652754,person
2026-06-20 07:47:37.705500,person
2026-06-20 07:47:37.757242,person
2026-06-20 07:47:37.806963,person
2026-06-20 07:47:37.859201,person
2026-06-20 07:47:37.910228,person
2026-06-20 07:47:37.961961,person
2026-06-20 07:47:38.014332,person
2026-06-20 07:47:38.074081,person
2026-06-20 07:47:38.122930,person
2026-06-20 07:47:38.174424,person
2026-06-20 07:47:38.223495,person
2026-06-20 07:47:38.275181,person
2026-06-20 07:47:38.326196,person
2026-06-20 07:47:38.377214,person
2026-06-20 07:47:38.427379,person
2026-06-20 07:47:38.482675,person
2026-06-20 07:47:38.536506,person
2026-06-20 07:47:38.589703,person
2026-06-20 07:47:38.646394,person
2026-06-20 07:47:38.702538,person
2026-06-20 07:47:38.753747,person
2026-06-20 07:47:38.805676,person
2026-06-20 07:47:38.857220,person
2026-06-20 07:47:38.913596,person
2026-06-20 07:47:39.155526,person
2026-06-20 07:47:39.206252,person
2026-06-20 07:47:39.258550,person
2026-06-20 07:47:39.308708,person
2026-06-20 07:47:39.365499,person
2026-06-20 07:47:39.420977,person
2026-06-20 07:47:39.471071,person
2026-06-20 07:47:39.521804,person
2026-06-20 07:47:39.573962,person
2026-06-20 07:47:39.628498,person
2026-06-20 07:47:39.677478,person
2026-06-20 07:47:39.730790,person
2026-06-20 07:47:39.781311,person
2026-06-20 07:47:39.835282,person
2026-06-20 07:47:39.887556,person
2026-06-20 07:47:39.938779,person
2026-06-20 07:47:39.989103,person
2026-06-20 07:47:40.040690,person
2026-06-20 07:47:40.093491,person
2026-06-20 07:47:40.143175,person
2026-06-20 07:47:40.194412,person
2026-06-20 07:47:40.248185,person
2026-06-20 07:47:40.300983,person
2026-06-20 07:47:40.353371,person
2026-06-20 07:47:40.403760,person
2026-06-20 07:47:40.458688,person
2026-06-20 07:47:40.510834,person
2026-06-20 07:47:40.563594,person
2026-06-20 07:47:40.614962,person
2026-06-20 07:47:40.679747,person
2026-06-20 07:47:40.732900,person
2026-06-20 07:47:40.785136,person
2026-06-20 07:47:40.842051,person
2026-06-20 07:47:40.901337,person
2026-06-20 07:47:40.956251,person
2026-06-20 07:47:41.004755,person
2026-06-20 07:47:41.057044,person
2026-06-20 07:47:41.110781,person
2026-06-20 07:47:41.163047,person
2026-06-20 07:47:41.214107,person
2026-06-20 07:47:41.265811,person
2026-06-20 07:47:41.317461,person
2026-06-20 07:47:41.371340,person
2026-06-20 07:47:41.422847,person
2026-06-20 07:47:41.475200,person
2026-06-20 07:47:41.528483,person
2026-06-20 07:47:41.580610,person
2026-06-20 07:47:41.633743,person
2026-06-20 07:47:41.686116,person
2026-06-20 07:47:41.739762,person
2026-06-20 07:47:41.795028,person
2026-06-20 07:47:41.845406,person
2026-06-20 07:47:41.896912,person
2026-06-20 07:47:41.946625,person
2026-06-20 07:47:41.999273,person
2026-06-20 07:47:42.050434,person
2026-06-20 07:47:42.099780,person
2026-06-20 07:47:42.147553,person
2026-06-20 07:47:42.201455,person
2026-06-20 07:47:42.252835,person
2026-06-20 07:47:42.304243,person
2026-06-20 07:47:42.354150,person
2026-06-20 07:47:42.406889,person
2026-06-20 07:47:42.460075,person
2026-06-20 07:47:42.510244,person
2026-06-20 07:47:42.562719,person
2026-06-20 07:47:42.614303,person
2026-06-20 07:47:42.667266,person
2026-06-20 07:47:42.721758,person
2026-06-20 07:47:42.775030,person
2026-06-20 07:47:42.828326,person
2026-06-20 07:47:42.881473,person
2026-06-20 07:47:42.931297,person
2026-06-20 07:47:42.979360,person
2026-06-20 07:47:43.027460,person
2026-06-20 07:47:43.081615,person
2026-06-20 07:47:43.132737,person
2026-06-20 07:47:43.180334,person
2026-06-20 07:47:43.233497,person
2026-06-20 07:47:43.282611,person
2026-06-20 07:47:43.332797,person
2026-06-20 07:47:43.408938,person
2026-06-20 07:47:43.458735,person
2026-06-20 07:47:43.512818,person
2026-06-20 07:47:43.566159,person
2026-06-20 07:47:43.618543,person
2026-06-20 07:47:43.669713,person
2026-06-20 07:47:43.719403,person
2026-06-20 07:47:43.774404,person
2026-06-20 07:47:43.824952,person
2026-06-20 07:47:43.876866,person
2026-06-20 07:47:43.929299,person
2026-06-20 07:47:43.983354,person
2026-06-20 07:47:44.033427,person
2026-06-20 07:47:44.084118,person
2026-06-20 07:47:44.133611,person
2026-06-20 07:47:44.188576,person
2026-06-20 07:47:44.241415,person
2026-06-20 07:47:44.290689,person
2026-06-20 07:47:44.340511,person
2026-06-20 07:47:44.393854,person
2026-06-20 07:47:44.444339,person
2026-06-20 07:47:44.495754,person
2026-06-20 07:47:44.549177,person
2026-06-20 07:47:44.600967,person
2026-06-20 07:47:44.654655,person
2026-06-20 07:47:44.708440,person
2026-06-20 07:47:44.812081,person
2026-06-20 07:47:44.867236,person
2026-06-20 07:47:44.920690,person
2026-06-20 07:47:44.975671,person
2026-06-20 07:47:45.026443,person
2026-06-20 07:47:45.079368,person
2026-06-20 07:47:45.133198,person
2026-06-20 07:47:45.181889,person
2026-06-20 07:47:45.236741,person
2026-06-20 07:47:45.289038,person
2026-06-20 07:47:45.339071,person
2026-06-20 07:47:45.389919,person
2026-06-20 07:47:45.442485,person
2026-06-20 07:47:45.540806,person
2026-06-20 07:47:45.591246,person
2026-06-20 07:47:45.646853,person
2026-06-20 07:47:45.893838,person
2026-06-20 07:47:46.378666,person
2026-06-20 07:47:46.430482,person
2026-06-20 07:47:46.485031,person
2026-06-20 07:47:46.766962,person
2026-06-20 07:47:46.819492,person
2026-06-20 07:47:46.870696,person
2026-06-20 07:47:48.102048,person
2026-06-20 07:47:48.832645,person
2026-06-20 07:47:48.882339,person
2026-06-20 07:47:49.221870,person
2026-06-20 07:47:49.277620,person
2026-06-20 07:47:49.331415,person
2026-06-20 07:47:49.429273,person
2026-06-20 07:47:49.531304,person
2026-06-20 07:47:49.582193,person
2026-06-20 07:47:49.636220,person
2026-06-20 07:47:49.687028,person
2026-06-20 07:47:49.737891,person
2026-06-20 07:47:49.792258,person
2026-06-20 07:47:49.846826,person
2026-06-20 07:47:49.904358,person
2026-06-20 07:47:49.955555,person
2026-06-20 07:47:50.005547,person
2026-06-20 07:47:50.055884,person
2026-06-20 07:47:50.107135,person
2026-06-20 07:47:50.159842,person
2026-06-20 07:47:50.220851,person
2026-06-20 07:47:50.272251,person
2026-06-20 07:47:50.321586,person
2026-06-20 07:47:50.376508,person
2026-06-20 07:47:50.437324,person
2026-06-20 07:47:50.490661,person
2026-06-20 07:47:50.545312,person
2026-06-20 07:47:50.596172,person
2026-06-20 07:47:50.647647,person
2026-06-20 07:47:50.697117,person
2026-06-20 07:47:50.750750,person
2026-06-20 07:47:50.801693,person
2026-06-20 07:47:50.854275,person
2026-06-20 07:47:50.906548,person
2026-06-20 07:47:50.960529,person
2026-06-20 07:47:51.012269,person
2026-06-20 07:47:51.063529,person
2026-06-20 07:47:51.117528,person
2026-06-20 07:47:51.173743,person
2026-06-20 07:47:51.225010,person
2026-06-20 07:47:51.275724,person
2026-06-20 07:47:51.327935,person
2026-06-20 07:47:51.378923,person
2026-06-20 07:47:51.432102,person
2026-06-20 07:47:51.482691,person
2026-06-20 07:47:51.536918,person
2026-06-20 07:47:51.588584,person
2026-06-20 07:47:51.641511,person
2026-06-20 07:47:51.690714,person
2026-06-20 07:47:51.740586,person
2026-06-20 07:47:51.791385,person
2026-06-20 07:47:51.793613,train
2026-06-20 07:47:51.844707,person
2026-06-20 07:47:51.899042,person
2026-06-20 07:47:51.951544,person
2026-06-20 07:47:52.002138,person
2026-06-20 07:47:52.052979,person
2026-06-20 07:47:52.107536,person
2026-06-20 07:47:52.158425,person
2026-06-20 07:47:52.211516,person
2026-06-20 07:47:52.261403,person
2026-06-20 07:47:52.314207,person
2026-06-20 07:47:52.366234,person
2026-06-20 07:47:52.414800,person
2026-06-20 07:47:52.465003,person
2026-06-20 07:47:52.518813,person
2026-06-20 07:47:52.572335,person
2026-06-20 07:47:52.574526,chair
2026-06-20 07:47:52.626302,person
2026-06-20 07:47:52.677570,person
2026-06-20 07:47:52.727996,person
2026-06-20 07:47:52.781057,person
2026-06-20 07:47:52.831125,person
2026-06-20 07:47:52.888106,person
2026-06-20 07:47:52.944500,person
2026-06-20 07:47:52.996417,person
2026-06-20 07:47:53.049600,person
2026-06-20 07:47:53.102248,person
2026-06-20 07:47:53.153068,person
2026-06-20 07:47:53.205263,person
2026-06-20 07:47:53.257201,person
2026-06-20 07:47:53.308271,person
2026-06-20 07:47:53.362384,person
2026-06-20 07:47:53.415849,person
2026-06-20 07:47:53.471524,person
2026-06-20 07:47:53.523262,person
2026-06-20 07:47:53.571377,person
2026-06-20 07:47:53.623475,person
2026-06-20 07:47:53.676682,person
2026-06-20 07:47:53.723953,person
2026-06-20 07:47:53.777749,person
2026-06-20 07:47:53.830412,person
2026-06-20 07:47:53.884643,person
2026-06-20 07:47:53.935637,person
2026-06-20 07:47:53.986428,person
2026-06-20 07:47:54.036274,person
2026-06-20 07:47:54.087126,person
2026-06-20 07:47:54.141399,person
2026-06-20 07:47:54.191139,person
2026-06-20 07:47:54.242606,person
2026-06-20 07:47:54.302699,person
2026-06-20 07:47:54.355241,person
2026-06-20 07:47:54.405853,person
2026-06-20 07:47:54.462006,person
2026-06-20 07:47:54.517559,person
2026-06-20 07:47:54.566728,person
2026-06-20 07:47:54.616946,person
2026-06-20 07:47:54.669145,person
2026-06-20 07:47:54.723408,person
2026-06-20 07:47:54.770999,person
2026-06-20 07:47:54.824259,person
2026-06-20 07:47:54.876621,person
2026-06-20 07:47:54.929614,person
2026-06-20 07:47:54.982549,person
2026-06-20 07:47:55.033428,person
2026-06-20 07:47:55.085548,person
2026-06-20 07:47:55.136879,person
2026-06-20 07:47:55.189054,person
2026-06-20 07:47:55.240280,person
2026-06-20 07:47:55.294046,person
2026-06-20 07:47:55.348091,person
2026-06-20 07:47:55.397767,person
2026-06-20 07:47:55.446480,person
2026-06-20 07:47:55.497258,person
2026-06-20 07:47:55.553589,person
2026-06-20 07:47:55.603175,person
2026-06-20 07:47:55.655385,person
2026-06-20 07:47:55.706725,person
2026-06-20 07:47:55.757143,person
2026-06-20 07:47:55.808779,person
2026-06-20 07:47:55.860949,person
2026-06-20 07:47:55.915146,person
2026-06-20 07:47:55.966824,person
2026-06-20 07:47:56.019378,person
2026-06-20 07:47:56.069815,person
2026-06-20 07:47:56.119891,person
2026-06-20 07:47:56.171859,person
2026-06-20 07:47:56.224266,person
2026-06-20 07:47:56.277530,person
2026-06-20 07:47:56.330753,person
2026-06-20 07:47:56.382174,person
2026-06-20 07:47:56.431700,person
2026-06-20 07:47:56.484917,person
2026-06-20 07:47:56.536146,person
2026-06-20 07:47:56.585403,person
2026-06-20 07:47:56.638003,person
2026-06-20 07:47:56.696581,person
2026-06-20 07:47:56.755092,person
2026-06-20 07:47:56.813989,person
2026-06-20 07:47:56.868581,person
2026-06-20 07:47:56.925432,person
2026-06-20 07:47:56.979949,person
2026-06-20 07:47:57.040742,person
2026-06-20 07:47:57.101699,person
2026-06-20 07:47:57.160776,person
2026-06-20 07:47:57.216016,person
2026-06-20 07:47:57.273013,person
2026-06-20 07:47:57.334934,person
2026-06-20 07:47:57.394578,person
2026-06-20 07:47:57.453479,person
2026-06-20 07:47:57.510401,person
2026-06-20 07:47:57.562936,person
2026-06-20 07:47:57.613958,person
2026-06-20 07:47:57.668337,person
2026-06-20 07:47:57.717211,person
2026-06-20 07:47:57.772403,person
2026-06-20 07:47:57.825603,person
2026-06-20 07:47:57.878132,person
2026-06-20 07:47:57.936088,person
2026-06-20 07:47:57.989322,person
2026-06-20 07:47:58.045041,person
2026-06-20 07:47:58.098534,person
2026-06-20 07:47:58.148449,person
2026-06-20 07:47:58.201912,person
2026-06-20 07:47:58.255614,person
2026-06-20 07:47:58.309363,person
2026-06-20 07:47:58.365687,person
2026-06-20 07:47:58.426043,person
2026-06-20 07:47:58.483618,person
2026-06-20 07:47:58.539719,person
2026-06-20 07:47:58.593495,person
2026-06-20 07:47:58.647429,person
2026-06-20 07:47:58.701073,person
2026-06-20 07:47:58.754359,person
2026-06-20 07:47:58.807912,person
2026-06-20 07:47:58.866242,person
2026-06-20 07:47:58.923521,person
2026-06-20 07:47:58.978211,person
2026-06-20 07:47:59.029201,person
2026-06-20 07:47:59.086333,person
2026-06-20 07:47:59.140743,person
2026-06-20 07:47:59.193874,person
2026-06-20 07:47:59.245340,person
2026-06-20 07:47:59.301007,person
2026-06-20 07:47:59.354685,person
2026-06-20 07:47:59.405999,person
2026-06-20 07:47:59.457944,person
2026-06-20 07:47:59.520298,person
2026-06-20 07:47:59.576492,person
2026-06-20 07:47:59.676718,person
2026-06-20 07:47:59.735058,person
2026-06-20 07:47:59.786201,person
2026-06-20 07:47:59.838294,person
2026-06-20 07:47:59.941796,person
2026-06-20 07:47:59.998572,person
2026-06-20 07:48:00.056707,person
2026-06-20 07:48:00.576497,person
2026-06-20 07:48:00.689549,person
2026-06-20 07:48:00.744467,person
2026-06-20 07:48:00.797767,person
2026-06-20 07:48:00.849343,person
2026-06-20 07:48:00.961585,person
2026-06-20 07:48:00.963638,cell phone
2026-06-20 07:48:01.231035,person
2026-06-20 07:48:01.283904,person
2026-06-20 07:48:01.338447,person
2026-06-20 07:48:01.391013,person
2026-06-20 07:48:01.443948,person
2026-06-20 07:48:01.501264,person
2026-06-20 07:48:01.552335,person
2026-06-20 07:48:01.604313,person
2026-06-20 07:48:01.660926,person
2026-06-20 07:48:01.719908,person
2026-06-20 07:48:01.775483,person
2026-06-20 07:48:01.826768,person
2026-06-20 07:48:01.877192,person
2026-06-20 07:48:01.931064,person
2026-06-20 07:48:01.984662,person
2026-06-20 07:48:02.035817,person
2026-06-20 07:48:02.088059,person
2026-06-20 07:48:02.146785,person
2026-06-20 07:48:02.202087,person
2026-06-20 07:48:02.257812,person
2026-06-20 07:48:02.308462,person
2026-06-20 07:48:02.363259,person
2026-06-20 07:48:02.417415,person
2026-06-20 07:48:02.467874,person
2026-06-20 07:48:02.519337,person
2026-06-20 07:48:02.623362,person
2026-06-20 07:48:02.673169,person
2026-06-20 07:48:02.728034,person
2026-06-20 07:48:02.781509,person
2026-06-20 07:48:02.833397,person
2026-06-20 07:48:02.885196,person
2026-06-20 07:48:02.936320,person
2026-06-20 07:48:02.990910,person
2026-06-20 07:48:03.043824,person
2026-06-20 07:48:03.094961,person
2026-06-20 07:48:03.146481,person
2026-06-20 07:48:03.197563,person
2026-06-20 07:48:03.252853,person
2026-06-20 07:48:03.303719,person
2026-06-20 07:48:03.355376,person
2026-06-20 07:48:03.406785,person
2026-06-20 07:48:03.461774,person
2026-06-20 07:48:03.515325,person
2026-06-20 07:48:03.564683,person
2026-06-20 07:48:03.621840,person
2026-06-20 07:48:03.624037,cell phone
2026-06-20 07:48:03.675597,person
2026-06-20 07:48:03.729223,person
2026-06-20 07:48:03.781428,person
2026-06-20 07:48:03.856608,person
2026-06-20 07:48:03.908070,person
2026-06-20 07:48:03.960917,person
2026-06-20 07:48:04.011828,person
2026-06-20 07:48:04.065367,person
2026-06-20 07:48:04.118507,person
2026-06-20 07:48:04.166123,person
2026-06-20 07:48:04.219737,person
2026-06-20 07:48:04.272169,person
2026-06-20 07:48:04.325938,person
2026-06-20 07:48:04.376554,person
2026-06-20 07:48:04.427652,person
2026-06-20 07:48:04.479165,person
2026-06-20 07:48:04.530352,person
2026-06-20 07:48:04.578924,person
2026-06-20 07:48:04.631822,person
2026-06-20 07:48:04.685657,person
2026-06-20 07:48:04.688063,cell phone
2026-06-20 07:48:04.739575,person
2026-06-20 07:48:04.742809,cell phone
2026-06-20 07:48:04.799300,person
2026-06-20 07:48:04.801609,cell phone
2026-06-20 07:48:04.854259,person
2026-06-20 07:48:04.857174,cell phone
2026-06-20 07:48:04.912454,person
2026-06-20 07:48:04.914822,cell phone
2026-06-20 07:48:04.968540,person
2026-06-20 07:48:04.970448,cell phone
2026-06-20 07:48:05.024506,person
2026-06-20 07:48:05.073794,person
2026-06-20 07:48:05.123073,person
2026-06-20 07:48:05.175569,person
2026-06-20 07:48:05.227009,person
2026-06-20 07:48:05.277849,person
2026-06-20 07:48:05.327757,person
2026-06-20 07:48:05.376537,person
2026-06-20 07:48:05.429156,person
2026-06-20 07:48:05.484190,person
2026-06-20 07:48:05.531459,person
2026-06-20 07:48:05.581160,person
2026-06-20 07:48:05.679845,person
2026-06-20 07:48:05.777120,person
2026-06-20 07:48:05.827610,person
2026-06-20 07:48:05.878347,person
2026-06-20 07:48:05.930087,person
2026-06-20 07:48:05.980155,person
2026-06-20 07:48:06.032802,person
2026-06-20 07:48:06.082864,person
2026-06-20 07:48:06.133713,person
2026-06-20 07:48:06.229916,person
2026-06-20 07:48:06.284855,person
2026-06-20 07:48:06.337395,person
2026-06-20 07:48:06.387202,person
2026-06-20 07:48:06.438537,person
2026-06-20 07:48:06.495503,person
2026-06-20 07:48:06.549854,person
2026-06-20 07:48:06.599912,person
2026-06-20 07:48:06.654136,person
2026-06-20 07:48:06.704116,person
2026-06-20 07:48:06.755365,person
2026-06-20 07:48:06.807021,person
2026-06-20 07:48:06.857300,person
2026-06-20 07:48:06.907907,person
2026-06-20 07:48:06.960798,person
2026-06-20 07:48:07.010577,person
2026-06-20 07:48:07.060457,person
2026-06-20 07:48:07.114622,person
2026-06-20 07:48:07.168154,person
2026-06-20 07:48:07.220448,person
2026-06-20 07:48:07.270542,person
2026-06-20 07:48:07.323466,person
2026-06-20 07:48:07.373791,person
2026-06-20 07:48:07.427983,person
2026-06-20 07:48:07.481938,person
2026-06-20 07:48:07.536034,person
2026-06-20 07:48:07.585973,person
2026-06-20 07:48:07.637303,person
2026-06-20 07:48:07.688268,person
2026-06-20 07:48:07.739064,person
2026-06-20 07:48:07.789772,person
2026-06-20 07:48:07.842969,person
2026-06-20 07:48:07.894001,person
2026-06-20 07:48:07.947502,person
2026-06-20 07:48:07.999563,person
2026-06-20 07:48:08.098340,person
2026-06-20 07:48:08.200338,person
2026-06-20 07:48:08.252768,person
2026-06-20 07:48:08.355297,person
2026-06-20 07:48:08.403410,person
2026-06-20 07:48:08.456291,person
2026-06-20 07:48:08.509474,person
2026-06-20 07:48:08.562191,person
2026-06-20 07:48:08.616748,person
2026-06-20 07:48:08.670498,person
2026-06-20 07:48:08.724465,person
2026-06-20 07:48:08.783351,person
2026-06-20 07:48:08.841069,person
2026-06-20 07:48:08.899314,person
2026-06-20 07:48:08.949845,person
2026-06-20 07:48:08.998137,person
2026-06-20 07:48:09.050518,person
2026-06-20 07:48:09.099406,person
2026-06-20 07:48:09.150847,person
2026-06-20 07:48:09.206712,person
2026-06-20 07:48:09.260028,person
2026-06-20 07:48:09.315753,person
2026-06-20 07:48:09.371980,person
2026-06-20 07:48:09.424388,person
2026-06-20 07:48:09.426367,cell phone
2026-06-20 07:48:09.478064,person
2026-06-20 07:48:09.530062,person
2026-06-20 07:48:09.585700,person
2026-06-20 07:48:09.646141,person
2026-06-20 07:48:09.724582,person
2026-06-20 07:48:09.783419,person
2026-06-20 07:48:09.841958,person
2026-06-20 07:48:09.900997,person
2026-06-20 07:48:09.957790,person
2026-06-20 07:48:10.023636,person
2026-06-20 07:48:10.089674,person
2026-06-20 07:48:10.147587,person
2026-06-20 07:48:10.207543,person
2026-06-20 07:48:10.322802,person
2026-06-20 07:48:10.379071,person
2026-06-20 07:48:10.437046,person
2026-06-20 07:48:10.497759,person
2026-06-20 07:48:10.553451,person
2026-06-20 07:48:10.611870,person
2026-06-20 07:48:10.672649,person
2026-06-20 07:48:10.728664,person
2026-06-20 07:48:10.785347,person
2026-06-20 07:48:10.842006,person
2026-06-20 07:48:10.902148,person
2026-06-20 07:48:10.958676,person
2026-06-20 07:48:11.016783,person
2026-06-20 07:48:11.072342,person
2026-06-20 07:48:11.128774,person
2026-06-20 07:48:11.187186,person
2026-06-20 07:48:11.243733,person
2026-06-20 07:48:11.300628,person
2026-06-20 07:48:11.362828,person
2026-06-20 07:48:11.419716,person
2026-06-20 07:48:11.476718,person
2026-06-20 07:48:11.531853,person
2026-06-20 07:48:11.591002,person
2026-06-20 07:48:11.646233,person
2026-06-20 07:48:11.697787,person
2026-06-20 07:48:11.753109,person
2026-06-20 07:48:11.806809,person
2026-06-20 07:48:11.860752,person
2026-06-20 07:48:11.911736,person
2026-06-20 07:48:11.965934,person
2026-06-20 07:48:12.025258,person
2026-06-20 07:48:12.080592,person
2026-06-20 07:48:12.141263,person
2026-06-20 07:48:12.202372,person
2026-06-20 07:48:12.259803,person
2026-06-20 07:48:12.311989,person
2026-06-20 07:48:12.370197,person
2026-06-20 07:48:12.427121,person
2026-06-20 07:48:12.484528,person
2026-06-20 07:48:12.538325,person
2026-06-20 07:48:12.601433,person
2026-06-20 07:48:12.656930,person
2026-06-20 07:48:12.709209,person
2026-06-20 07:48:12.763244,person
2026-06-20 07:48:12.817875,person
2026-06-20 07:48:12.872086,person
2026-06-20 07:48:12.926166,person
2026-06-20 07:48:13.080772,person
2026-06-20 07:48:13.396630,person
2026-06-20 07:48:13.502702,person
2026-06-20 07:48:13.556759,person
2026-06-20 07:48:13.608153,person
2026-06-20 07:48:13.760291,person
2026-06-20 07:48:13.907631,person
2026-06-20 07:48:13.960743,person
2026-06-20 07:48:14.009865,person
2026-06-20 07:48:14.063835,person
2026-06-20 07:48:14.313085,person
2026-06-20 07:48:14.365833,person
2026-06-20 07:48:14.419764,person
2026-06-20 07:48:14.473711,person
2026-06-20 07:48:14.525524,person
2026-06-20 07:48:14.578829,person
2026-06-20 07:48:14.633823,person
2026-06-20 07:48:14.686789,person
2026-06-20 07:48:14.748068,person
2026-06-20 07:48:14.856679,person
2026-06-20 07:48:14.910620,person
2026-06-20 07:48:15.011053,person
2026-06-20 07:48:15.065349,person
2026-06-20 07:48:15.118257,person
2026-06-20 07:48:15.221552,person
2026-06-20 07:48:15.427418,person
2026-06-20 07:48:15.478848,person
2026-06-20 07:48:15.535173,person
2026-06-20 07:48:15.589695,person
2026-06-20 07:48:15.642407,person
2026-06-20 07:48:15.698769,person
2026-06-20 07:48:15.752969,person
2026-06-20 07:48:15.805255,person
2026-06-20 07:48:15.860163,person
2026-06-20 07:48:15.910856,person
2026-06-20 07:48:15.967819,person
2026-06-20 07:48:16.018398,person
2026-06-20 07:48:16.074796,person
2026-06-20 07:48:16.126313,person
2026-06-20 07:48:16.180740,person
2026-06-20 07:48:16.234342,person
2026-06-20 07:48:16.289846,person
2026-06-20 07:48:16.342562,person
2026-06-20 07:48:16.397402,person
2026-06-20 07:48:16.450112,person
2026-06-20 07:48:16.503049,person
2026-06-20 07:48:16.553858,person
2026-06-20 07:48:16.610709,person
2026-06-20 07:48:16.662386,person
2026-06-20 07:48:16.716081,person
2026-06-20 07:48:16.771148,person
2026-06-20 07:48:16.825712,person
2026-06-20 07:48:16.879576,person
2026-06-20 07:48:16.933490,person
2026-06-20 07:48:16.988022,person
2026-06-20 07:48:17.043358,person
2026-06-20 07:48:17.095103,person
2026-06-20 07:48:17.151424,person
2026-06-20 07:48:17.205560,person
2026-06-20 07:48:17.260220,person
2026-06-20 07:48:17.314651,person
2026-06-20 07:48:17.368543,person
2026-06-20 07:48:17.422913,person
2026-06-20 07:48:17.477774,person
2026-06-20 07:48:17.534440,person
2026-06-20 07:48:17.587543,person
2026-06-20 07:48:17.637732,person
2026-06-20 07:48:17.690873,person
2026-06-20 07:48:17.748945,person
2026-06-20 07:48:17.803161,person
2026-06-20 07:48:17.857609,person
2026-06-20 07:48:17.911999,person
2026-06-20 07:48:17.967849,person
2026-06-20 07:48:18.020777,person
2026-06-20 07:48:18.070119,person
2026-06-20 07:48:18.124936,person
2026-06-20 07:48:18.178236,person
2026-06-20 07:48:18.230508,person
2026-06-20 07:48:18.286715,person
2026-06-20 07:48:18.341536,person
2026-06-20 07:48:18.392877,person
2026-06-20 07:48:18.448323,person
2026-06-20 07:48:18.502440,person
2026-06-20 07:48:18.557214,person
2026-06-20 07:48:18.612329,person
2026-06-20 07:48:18.666497,person
2026-06-20 07:48:18.720668,person
2026-06-20 07:48:18.771996,person
2026-06-20 07:48:18.843928,person
2026-06-20 07:48:18.898940,person
2026-06-20 07:48:18.952513,person
2026-06-20 07:48:19.007709,person
2026-06-20 07:48:19.061135,person
2026-06-20 07:48:19.113286,person
2026-06-20 07:48:19.167816,person
2026-06-20 07:48:19.222930,person
2026-06-20 07:48:19.276847,person
2026-06-20 07:48:19.330678,person
2026-06-20 07:48:19.386152,person
2026-06-20 07:48:19.441656,person
2026-06-20 07:48:19.494576,person
2026-06-20 07:48:19.548520,person
2026-06-20 07:48:19.600745,person
2026-06-20 07:48:19.655028,person
2026-06-20 07:48:19.710874,person
2026-06-20 07:48:19.767104,person
2026-06-20 07:48:19.822773,person
2026-06-20 07:48:19.878083,person
2026-06-20 07:48:19.930399,person
2026-06-20 07:48:19.987072,person
2026-06-20 07:48:20.041684,person
2026-06-20 07:48:20.099738,person
2026-06-20 07:48:20.154853,person
2026-06-20 07:48:20.210050,person
2026-06-20 07:48:20.266203,person
2026-06-20 07:48:20.322903,person
2026-06-20 07:48:20.389320,person
2026-06-20 07:48:20.443551,person
2026-06-20 07:48:20.495013,person
2026-06-20 07:48:20.548819,person
2026-06-20 07:48:20.606206,person
2026-06-20 07:48:20.662475,person
2026-06-20 07:48:20.717564,person
2026-06-20 07:48:20.771784,person
2026-06-20 07:48:20.824968,person
2026-06-20 07:48:20.879637,person
2026-06-20 07:48:20.932412,person
2026-06-20 07:48:20.990962,person
2026-06-20 07:48:21.043064,person
2026-06-20 07:48:21.095363,person
2026-06-20 07:48:21.147213,person
2026-06-20 07:48:21.204557,person
2026-06-20 07:48:21.307434,person
2026-06-20 07:48:21.415403,person
2026-06-20 07:48:21.468943,person
2026-06-20 07:48:21.526997,person
2026-06-20 07:48:21.582164,person
2026-06-20 07:48:21.637388,person
2026-06-20 07:48:21.742841,person
2026-06-20 07:48:21.798137,person
2026-06-20 07:48:21.854151,person
2026-06-20 07:48:21.908564,person
2026-06-20 07:48:21.963630,person
2026-06-20 07:48:22.016320,person
2026-06-20 07:48:22.071819,person
2026-06-20 07:48:22.126632,person
2026-06-20 07:48:22.182273,person
2026-06-20 07:48:22.234987,person
2026-06-20 07:48:22.290112,person
2026-06-20 07:48:22.347365,person
2026-06-20 07:48:22.400013,person
2026-06-20 07:48:22.452406,person
2026-06-20 07:48:22.507342,person
2026-06-20 07:48:22.562100,person
2026-06-20 07:48:22.617233,person
2026-06-20 07:48:22.672116,person
2026-06-20 07:48:22.728949,person
2026-06-20 07:48:22.782327,person
2026-06-20 07:48:22.837895,person
2026-06-20 07:48:22.896043,person
2026-06-20 07:48:22.953418,person
2026-06-20 07:48:23.008682,person
2026-06-20 07:48:23.062266,person
2026-06-20 07:48:23.115380,person
2026-06-20 07:48:23.172936,person
2026-06-20 07:48:23.226817,person
2026-06-20 07:48:23.282821,person
2026-06-20 07:48:23.345647,person
2026-06-20 07:48:23.404639,person
2026-06-20 07:48:23.458760,person
2026-06-20 07:48:23.510064,person
2026-06-20 07:48:23.564440,person
2026-06-20 07:48:23.619185,person
2026-06-20 07:48:23.671182,person
2026-06-20 07:48:23.728011,person
2026-06-20 07:48:23.779533,person
2026-06-20 07:48:23.836637,person
2026-06-20 07:48:23.889942,person
2026-06-20 07:48:23.942075,person
2026-06-20 07:48:23.998476,person
2026-06-20 07:48:24.050912,person
2026-06-20 07:48:24.104700,person
2026-06-20 07:48:24.162086,person
2026-06-20 07:48:24.213677,person
2026-06-20 07:48:24.270610,person
2026-06-20 07:48:24.325516,person
2026-06-20 07:48:24.380904,person
2026-06-20 07:48:24.438149,person
2026-06-20 07:48:24.495611,person
2026-06-20 07:48:24.549777,person
2026-06-20 07:48:24.604945,person
2026-06-20 07:48:24.656360,person
2026-06-20 07:48:24.709171,person
2026-06-20 07:48:24.764828,person
2026-06-20 07:48:24.817069,person
2026-06-20 07:48:24.872562,person
2026-06-20 07:48:24.927922,person
2026-06-20 07:48:24.983843,person
2026-06-20 07:48:25.038033,person
2026-06-20 07:48:25.088973,person
2026-06-20 07:48:25.142279,person
2026-06-20 07:48:25.198776,person
2026-06-20 07:48:25.249785,person
2026-06-20 07:48:25.352963,person
2026-06-20 07:48:25.459376,person
2026-06-20 07:48:25.513721,person
2026-06-20 07:48:25.569778,person
2026-06-20 07:48:25.624960,person
2026-06-20 07:48:25.678120,person
2026-06-20 07:48:25.730784,person
2026-06-20 07:48:25.838453,person
2026-06-20 07:48:25.888480,person
2026-06-20 07:48:25.999042,person
2026-06-20 07:48:26.054390,person
2026-06-20 07:48:26.110255,person
2026-06-20 07:48:26.166740,person
2026-06-20 07:48:26.224162,person
2026-06-20 07:48:26.280868,person
2026-06-20 07:48:26.336984,person
2026-06-20 07:48:26.389247,person
2026-06-20 07:48:26.444567,person
2026-06-20 07:48:26.497068,person
2026-06-20 07:48:26.554088,person
2026-06-20 07:48:26.610764,person
2026-06-20 07:48:26.665495,person
2026-06-20 07:48:26.720831,person
2026-06-20 07:48:26.773810,person
2026-06-20 07:48:26.827464,person
2026-06-20 07:48:26.882614,person
2026-06-20 07:48:26.938448,person
2026-06-20 07:48:26.997045,person
2026-06-20 07:48:27.053382,person
2026-06-20 07:48:27.110751,person
2026-06-20 07:48:27.163588,person
2026-06-20 07:48:27.216817,person
2026-06-20 07:48:27.268307,person
2026-06-20 07:48:27.323796,person
2026-06-20 07:48:27.379138,person
2026-06-20 07:48:27.436586,person
2026-06-20 07:48:27.492983,person
2026-06-20 07:48:27.602802,person
2026-06-20 07:48:27.657563,person
2026-06-20 07:48:27.770561,person
2026-06-20 07:48:27.825240,person
2026-06-20 07:48:27.933721,person
2026-06-20 07:48:28.095658,person
2026-06-20 07:48:28.150029,cell phone
2026-06-20 07:48:28.206338,cell phone
2026-06-20 07:48:28.265835,person
2026-06-20 07:48:28.267822,cell phone
2026-06-20 07:48:28.323818,person
2026-06-20 07:48:28.337766,cell phone
2026-06-20 07:48:28.390718,person
2026-06-20 07:48:28.448515,person
2026-06-20 07:48:28.500676,person
2026-06-20 07:48:28.502929,remote
2026-06-20 07:48:28.555191,person
2026-06-20 07:48:28.626451,person
2026-06-20 07:48:28.679378,person
2026-06-20 07:48:28.731212,person
2026-06-20 07:48:28.785978,person
2026-06-20 07:48:28.837981,person
2026-06-20 07:48:28.892991,person
2026-06-20 07:48:28.945591,person
2026-06-20 07:48:29.001776,person
2026-06-20 07:48:29.061555,person
2026-06-20 07:48:29.118005,person
2026-06-20 07:48:29.171112,person
2026-06-20 07:48:29.227686,person
2026-06-20 07:48:29.284140,person
2026-06-20 07:48:29.337472,person
2026-06-20 07:48:29.394613,person
2026-06-20 07:48:29.447505,person
2026-06-20 07:48:29.505814,person
2026-06-20 07:48:29.564685,cell phone
2026-06-20 07:48:29.566643,person
2026-06-20 07:48:29.620871,cell phone
2026-06-20 07:48:29.623239,person
2026-06-20 07:48:29.676238,person
2026-06-20 07:48:29.733806,person
2026-06-20 07:48:29.789806,person
2026-06-20 07:48:29.841889,person
2026-06-20 07:48:29.900167,person
2026-06-20 07:48:29.958146,person
2026-06-20 07:48:30.016078,person
2026-06-20 07:48:30.069411,person
2026-06-20 07:48:30.126547,person
2026-06-20 07:48:30.182619,person
2026-06-20 07:48:30.238997,person
2026-06-20 07:48:30.295709,person
2026-06-20 07:48:30.353324,person
2026-06-20 07:48:30.406346,person
2026-06-20 07:48:30.460629,person
2026-06-20 07:48:30.516773,person
2026-06-20 07:48:30.570798,person
2026-06-20 07:48:30.629699,person
2026-06-20 07:48:30.684338,person
2026-06-20 07:48:30.737565,person
2026-06-20 07:48:30.790193,person
2026-06-20 07:48:30.845094,person
2026-06-20 07:48:30.901826,person
2026-06-20 07:48:30.955840,person
2026-06-20 07:48:31.010883,person
2026-06-20 07:48:31.069146,person
2026-06-20 07:48:31.128916,person
2026-06-20 07:48:31.182090,person
2026-06-20 07:48:31.238076,person
2026-06-20 07:48:31.294284,person
2026-06-20 07:48:31.350776,person
2026-06-20 07:48:31.405082,person
2026-06-20 07:48:31.459906,person
2026-06-20 07:48:31.515004,person
2026-06-20 07:48:31.574012,person
2026-06-20 07:48:31.631838,person
2026-06-20 07:48:31.686999,person
2026-06-20 07:48:31.745062,person
2026-06-20 07:48:31.800604,person
2026-06-20 07:48:31.854962,person
2026-06-20 07:48:31.911667,person
2026-06-20 07:48:31.971185,person
2026-06-20 07:48:31.973570,cell phone
2026-06-20 07:48:32.027690,person
2026-06-20 07:48:32.083705,person
2026-06-20 07:48:32.140642,person
2026-06-20 07:48:32.199509,person
2026-06-20 07:48:32.254649,person
2026-06-20 07:48:32.309903,person
2026-06-20 07:48:32.369292,person
2026-06-20 07:48:32.425841,person
2026-06-20 07:48:32.483978,person
2026-06-20 07:48:32.537762,person
2026-06-20 07:48:32.597081,person
2026-06-20 07:48:32.651659,person
2026-06-20 07:48:32.706531,person
2026-06-20 07:48:32.764287,person
2026-06-20 07:48:32.820025,person
2026-06-20 07:48:32.872772,person
2026-06-20 07:48:32.929959,person
2026-06-20 07:48:32.983845,person
2026-06-20 07:48:33.044656,person
2026-06-20 07:48:33.099059,person
2026-06-20 07:48:33.155379,person
2026-06-20 07:48:33.213209,person
2026-06-20 07:48:33.271634,person
2026-06-20 07:48:33.330600,person
2026-06-20 07:48:33.387505,person
2026-06-20 07:48:33.445082,person
2026-06-20 07:48:33.499692,person
2026-06-20 07:48:33.607049,person
2026-06-20 07:48:33.665336,person
2026-06-20 07:48:33.722012,person
2026-06-20 07:48:33.776167,person
2026-06-20 07:48:33.839445,person
2026-06-20 07:48:33.895724,person
2026-06-20 07:48:33.949601,person
2026-06-20 07:48:34.010741,person
2026-06-20 07:48:34.068562,person
2026-06-20 07:48:34.071054,cell phone
2026-06-20 07:48:34.129344,person
2026-06-20 07:48:34.184347,person
2026-06-20 07:48:34.241229,person
2026-06-20 07:48:34.296288,person
2026-06-20 07:48:34.352242,person
2026-06-20 07:48:34.408931,person
2026-06-20 07:48:34.410940,cell phone
2026-06-20 07:48:34.470350,person
2026-06-20 07:48:34.473150,cell phone
2026-06-20 07:48:34.533742,person
2026-06-20 07:48:34.536390,cell phone
2026-06-20 07:48:34.594055,person
2026-06-20 07:48:34.652523,person
2026-06-20 07:48:34.654643,cell phone
2026-06-20 07:48:34.711855,person
2026-06-20 07:48:34.714186,cell phone
2026-06-20 07:48:34.772206,person
2026-06-20 07:48:34.774828,cell phone
2026-06-20 07:48:34.833269,person
2026-06-20 07:48:34.835694,cell phone
2026-06-20 07:48:34.893505,person
2026-06-20 07:48:34.895525,cell phone
2026-06-20 07:48:34.951648,person
2026-06-20 07:48:34.954012,cell phone
2026-06-20 07:48:35.012902,person
2026-06-20 07:48:35.067004,person
2026-06-20 07:48:35.124356,person
2026-06-20 07:48:35.126826,cell phone
2026-06-20 07:48:35.180066,person
2026-06-20 07:48:35.182774,cell phone
2026-06-20 07:48:35.240665,person
2026-06-20 07:48:35.293851,person
2026-06-20 07:48:35.351746,person
2026-06-20 07:48:35.407797,person
2026-06-20 07:48:35.464948,person
2026-06-20 07:48:35.520165,person
2026-06-20 07:48:35.575196,person
2026-06-20 07:48:35.632506,person
2026-06-20 07:48:35.693274,person
2026-06-20 07:48:35.752667,person
2026-06-20 07:48:35.808158,person
2026-06-20 07:48:35.863004,person
2026-06-20 07:48:35.920646,person
2026-06-20 07:48:35.971872,person
2026-06-20 07:48:36.028497,person
2026-06-20 07:48:36.090799,person
2026-06-20 07:48:36.147918,person
2026-06-20 07:48:36.199661,person
2026-06-20 07:48:36.256002,person
2026-06-20 07:48:36.314593,person
2026-06-20 07:48:36.317431,laptop
2026-06-20 07:48:36.373311,person
2026-06-20 07:48:36.376208,laptop
2026-06-20 07:48:36.432580,person
2026-06-20 07:48:36.434605,laptop
2026-06-20 07:48:36.491752,person
2026-06-20 07:48:36.508052,laptop
2026-06-20 07:48:36.562420,person
2026-06-20 07:48:36.620007,person
2026-06-20 07:48:36.674963,person
2026-06-20 07:48:36.732666,person
2026-06-20 07:48:36.790193,person
2026-06-20 07:48:36.845652,person
2026-06-20 07:48:36.902393,person
2026-06-20 07:48:36.962390,person
2026-06-20 07:48:37.016374,person
2026-06-20 07:48:37.073974,person
2026-06-20 07:48:37.129661,person
2026-06-20 07:48:37.188148,person
2026-06-20 07:48:37.246844,person
2026-06-20 07:48:37.303938,person
2026-06-20 07:48:37.306999,laptop
2026-06-20 07:48:37.364597,person
2026-06-20 07:48:37.366686,laptop
2026-06-20 07:48:37.423522,person
2026-06-20 07:48:37.479407,person
2026-06-20 07:48:37.535958,person
2026-06-20 07:48:37.592880,person
2026-06-20 07:48:37.649374,person
2026-06-20 07:48:37.707864,person
2026-06-20 07:48:37.764706,person
2026-06-20 07:48:37.821827,person
2026-06-20 07:48:37.877363,person
2026-06-20 07:48:37.934805,person
2026-06-20 07:48:37.989675,person
2026-06-20 07:48:38.050520,person
2026-06-20 07:48:38.105341,person
2026-06-20 07:48:38.165473,person
2026-06-20 07:48:38.223320,person
2026-06-20 07:48:38.279377,person
2026-06-20 07:48:38.334348,person
2026-06-20 07:48:38.391391,person
2026-06-20 07:48:38.444966,person
2026-06-20 07:48:38.503993,person
2026-06-20 07:48:38.562860,person
2026-06-20 07:48:38.614301,person
2026-06-20 07:48:38.667508,person
2026-06-20 07:48:38.725573,person
2026-06-20 07:48:38.727914,laptop
2026-06-20 07:48:38.782068,person
2026-06-20 07:48:38.836395,person
2026-06-20 07:48:38.888946,person
2026-06-20 07:48:38.947757,person
2026-06-20 07:48:38.949885,laptop
2026-06-20 07:48:39.004831,person
2026-06-20 07:48:39.065049,person
2026-06-20 07:48:39.122228,person
2026-06-20 07:48:39.176080,person
2026-06-20 07:48:39.235029,person
2026-06-20 07:48:39.292634,person
2026-06-20 07:48:39.348623,person
2026-06-20 07:48:39.405108,person
2026-06-20 07:48:39.461826,person
2026-06-20 07:48:39.515848,person
2026-06-20 07:48:39.577171,person
2026-06-20 07:48:39.631885,person
2026-06-20 07:48:39.684955,person
2026-06-20 07:48:39.743078,person
2026-06-20 07:48:39.745657,laptop
2026-06-20 07:48:39.803583,person
2026-06-20 07:48:39.805877,laptop
2026-06-20 07:48:39.860474,person
2026-06-20 07:48:39.914405,person
2026-06-20 07:48:39.968361,person
2026-06-20 07:48:40.026460,person
2026-06-20 07:48:40.028930,cell phone
2026-06-20 07:48:40.082353,person
2026-06-20 07:48:40.138100,person
2026-06-20 07:48:40.195323,person
2026-06-20 07:48:40.253829,person
2026-06-20 07:48:40.309243,person
2026-06-20 07:48:40.367469,person
2026-06-20 07:48:40.421863,person
2026-06-20 07:48:40.479229,person
2026-06-20 07:48:40.537024,person
2026-06-20 07:48:40.596047,person
2026-06-20 07:48:40.662179,person
2026-06-20 07:48:40.664699,remote
2026-06-20 07:48:40.722040,person
2026-06-20 07:48:40.781817,person
2026-06-20 07:48:40.842719,person
2026-06-20 07:48:40.896446,person
2026-06-20 07:48:40.952773,person
2026-06-20 07:48:41.007108,person
2026-06-20 07:48:41.063678,person
2026-06-20 07:48:41.124592,person
2026-06-20 07:48:41.181558,person
2026-06-20 07:48:41.239011,person
2026-06-20 07:48:41.293371,person
2026-06-20 07:48:41.350784,person
2026-06-20 07:48:41.407606,person
2026-06-20 07:48:41.464022,person
2026-06-20 07:48:41.522317,person
2026-06-20 07:48:41.578632,person
2026-06-20 07:48:41.636438,person
2026-06-20 07:48:41.695068,person
2026-06-20 07:48:41.751663,person
2026-06-20 07:48:41.812265,person
2026-06-20 07:48:41.873490,person
2026-06-20 07:48:41.928142,person
2026-06-20 07:48:41.984709,person
2026-06-20 07:48:42.044343,person
2026-06-20 07:48:42.100219,person
2026-06-20 07:48:42.158520,person
2026-06-20 07:48:42.217522,person
2026-06-20 07:48:42.273539,person
2026-06-20 07:48:42.333118,person
2026-06-20 07:48:42.392954,person
2026-06-20 07:48:42.454223,person
2026-06-20 07:48:42.514330,person
2026-06-20 07:48:42.570542,person
2026-06-20 07:48:42.625431,person
2026-06-20 07:48:42.682318,person
2026-06-20 07:48:42.742677,person
2026-06-20 07:48:42.799193,person
2026-06-20 07:48:42.854893,person
2026-06-20 07:48:42.914611,person
2026-06-20 07:48:42.971314,person
2026-06-20 07:48:43.027240,person
2026-06-20 07:48:43.086113,person
2026-06-20 07:48:43.146370,person
2026-06-20 07:48:43.203166,person
2026-06-20 07:48:43.259620,person
2026-06-20 07:48:43.320312,person
2026-06-20 07:48:43.385165,person
2026-06-20 07:48:43.441222,person
2026-06-20 07:48:43.499873,person
2026-06-20 07:48:43.557941,person
2026-06-20 07:48:43.618441,person
2026-06-20 07:48:43.677097,person
2026-06-20 07:48:43.734243,person
2026-06-20 07:48:43.791867,person
2026-06-20 07:48:43.848477,person
2026-06-20 07:48:43.904429,person
2026-06-20 07:48:43.963096,person
2026-06-20 07:48:44.022149,person
2026-06-20 07:48:44.081163,person
2026-06-20 07:48:44.140832,person
2026-06-20 07:48:44.201622,person
2026-06-20 07:48:44.257371,person
2026-06-20 07:48:44.310188,person
2026-06-20 07:48:44.366365,person
2026-06-20 07:48:44.425011,person
2026-06-20 07:48:44.483919,person
2026-06-20 07:48:44.541840,person
2026-06-20 07:48:44.595511,person
2026-06-20 07:48:44.650292,person
2026-06-20 07:48:44.707961,person
2026-06-20 07:48:44.767333,person
2026-06-20 07:48:44.769421,cell phone
2026-06-20 07:48:44.829493,person
2026-06-20 07:48:44.832003,cell phone
2026-06-20 07:48:44.888450,person
2026-06-20 07:48:44.946616,person
2026-06-20 07:48:44.999314,person
2026-06-20 07:48:45.061226,person
2026-06-20 07:48:45.121388,person
2026-06-20 07:48:45.179289,person
2026-06-20 07:48:45.238486,person
2026-06-20 07:48:45.298169,person
2026-06-20 07:48:45.353320,person
2026-06-20 07:48:45.412485,person
2026-06-20 07:48:45.475787,person
2026-06-20 07:48:45.533639,person
2026-06-20 07:48:45.594460,person
2026-06-20 07:48:45.658563,person
2026-06-20 07:48:45.722742,person
2026-06-20 07:48:45.782059,person
2026-06-20 07:48:45.838698,person
2026-06-20 07:48:45.897804,person
2026-06-20 07:48:45.957141,person
2026-06-20 07:48:46.010966,person
2026-06-20 07:48:46.072987,person
2026-06-20 07:48:46.127842,person
2026-06-20 07:48:46.184312,person
2026-06-20 07:48:46.243190,person
2026-06-20 07:48:46.297945,person
2026-06-20 07:48:46.355898,person
2026-06-20 07:48:46.414433,person
2026-06-20 07:48:46.474057,person
2026-06-20 07:48:46.533239,person
2026-06-20 07:48:46.595086,person
2026-06-20 07:48:46.597274,cell phone
2026-06-20 07:48:46.657043,person
2026-06-20 07:48:46.659089,cell phone
2026-06-20 07:48:46.717796,person
2026-06-20 07:48:46.775209,person
2026-06-20 07:48:46.835580,person
2026-06-20 07:48:46.897109,person
2026-06-20 07:48:46.955667,person
2026-06-20 07:48:47.013477,person
2026-06-20 07:48:47.072265,person
2026-06-20 07:48:47.131495,person
2026-06-20 07:48:47.133528,cell phone
2026-06-20 07:48:47.188255,person
2026-06-20 07:48:47.246997,person
2026-06-20 07:48:47.311034,person
2026-06-20 07:48:47.374273,person
2026-06-20 07:48:47.434725,person
2026-06-20 07:48:47.493543,person
2026-06-20 07:48:47.548433,person
2026-06-20 07:48:47.607075,person
2026-06-20 07:48:47.665085,person
2026-06-20 07:48:47.720700,person
2026-06-20 07:48:47.778998,person
2026-06-20 07:48:47.835151,person
2026-06-20 07:48:47.896644,person
2026-06-20 07:48:47.952182,person
2026-06-20 07:48:48.012133,person
2026-06-20 07:48:48.072346,person
2026-06-20 07:48:48.136073,person
2026-06-20 07:48:48.138260,cell phone
2026-06-20 07:48:48.194958,person
2026-06-20 07:48:48.255097,person
2026-06-20 07:48:48.309575,person
2026-06-20 07:48:48.368723,person
2026-06-20 07:48:48.427575,person
2026-06-20 07:48:48.488054,person
2026-06-20 07:48:48.546493,person
2026-06-20 07:48:48.606431,person
2026-06-20 07:48:48.663851,person
2026-06-20 07:48:48.721501,person
2026-06-20 07:48:48.724026,cell phone
2026-06-20 07:48:48.783327,person
2026-06-20 07:48:48.790187,cell phone
2026-06-20 07:48:48.845934,person
2026-06-20 07:48:48.905560,person
2026-06-20 07:48:48.963606,person
2026-06-20 07:48:49.020924,person
2026-06-20 07:48:49.080195,person
2026-06-20 07:48:49.137955,person
2026-06-20 07:48:49.198821,person
2026-06-20 07:48:49.256095,person
2026-06-20 07:48:49.313870,person
2026-06-20 07:48:49.374189,person
2026-06-20 07:48:49.430638,person
2026-06-20 07:48:49.490587,person
2026-06-20 07:48:49.550029,person
2026-06-20 07:48:49.610406,person
2026-06-20 07:48:49.670891,person
2026-06-20 07:48:49.731222,person
2026-06-20 07:48:49.787663,person
2026-06-20 07:48:49.847345,person
2026-06-20 07:48:49.907427,person
2026-06-20 07:48:49.965899,person
2026-06-20 07:48:50.024423,person
2026-06-20 07:48:50.080042,person
2026-06-20 07:48:50.138911,person
2026-06-20 07:48:50.207372,person
2026-06-20 07:48:50.265100,person
2026-06-20 07:48:50.325405,person
2026-06-20 07:48:50.385916,person
2026-06-20 07:48:50.443586,person
2026-06-20 07:48:50.500148,person
2026-06-20 07:48:50.561123,person
2026-06-20 07:48:50.621612,person
2026-06-20 07:48:50.682798,person
2026-06-20 07:48:50.741458,person
2026-06-20 07:48:50.801085,person
2026-06-20 07:48:50.857192,person
2026-06-20 07:48:50.917912,person
2026-06-20 07:48:50.979304,person
2026-06-20 07:48:51.039955,person
2026-06-20 07:48:51.097461,person
2026-06-20 07:48:51.153261,person
2026-06-20 07:48:51.210571,person
2026-06-20 07:48:51.268084,person
2026-06-20 07:48:51.323322,person
2026-06-20 07:48:51.382438,person
2026-06-20 07:48:51.443338,person
2026-06-20 07:48:51.666005,person
2026-06-20 07:48:51.725539,person
2026-06-20 07:48:51.749359,refrigerator
2026-06-20 07:48:51.864494,refrigerator
2026-06-20 07:48:51.923356,refrigerator
2026-06-20 07:48:52.033699,person
2026-06-20 07:48:52.092950,person
2026-06-20 07:48:52.152903,person
2026-06-20 07:48:52.214048,person
2026-06-20 07:48:52.275644,person
2026-06-20 07:48:52.333052,person
2026-06-20 07:48:52.392845,person
2026-06-20 07:48:52.450210,person
2026-06-20 07:48:52.513598,person
2026-06-20 07:48:52.569952,person
2026-06-20 07:48:52.627047,person
2026-06-20 07:48:52.685677,person
2026-06-20 07:48:52.743929,person
2026-06-20 07:48:52.802256,person
2026-06-20 07:48:52.860989,person
2026-06-20 07:48:52.927066,person
2026-06-20 07:48:52.987726,person
2026-06-20 07:48:53.045354,person
2026-06-20 07:48:53.102382,person
2026-06-20 07:48:53.163662,person
2026-06-20 07:48:53.224383,person
2026-06-20 07:48:53.283934,person
2026-06-20 07:48:53.342104,person
2026-06-20 07:48:53.402588,person
2026-06-20 07:48:53.463567,person
2026-06-20 07:48:53.521508,person
2026-06-20 07:48:53.582327,person
2026-06-20 07:48:53.641163,person
2026-06-20 07:48:53.699435,person
2026-06-20 07:48:53.756420,person
2026-06-20 07:48:53.813039,person
2026-06-20 07:48:53.875834,person
2026-06-20 07:48:53.931660,person
2026-06-20 07:48:53.992010,person
2026-06-20 07:48:54.055819,person
2026-06-20 07:48:54.113272,person
2026-06-20 07:48:54.171016,person
2026-06-20 07:48:54.230365,person
2026-06-20 07:48:54.289652,person
2026-06-20 07:48:54.349561,person
2026-06-20 07:48:54.407968,person
2026-06-20 07:48:54.465512,person
2026-06-20 07:48:54.524611,person
2026-06-20 07:48:54.583857,person
2026-06-20 07:48:54.638960,person
2026-06-20 07:48:54.700499,person
2026-06-20 07:48:54.762350,person
2026-06-20 07:48:54.819755,person
2026-06-20 07:48:54.877338,person
2026-06-20 07:48:54.938465,person
2026-06-20 07:48:54.997814,person
2026-06-20 07:48:55.055395,person
2026-06-20 07:48:55.115519,person
2026-06-20 07:48:55.177325,person
2026-06-20 07:48:55.237497,person
2026-06-20 07:48:55.295488,person
2026-06-20 07:48:55.356544,person
2026-06-20 07:48:55.414545,person
2026-06-20 07:48:55.474750,person
2026-06-20 07:48:55.534916,person
2026-06-20 07:48:55.594512,person
2026-06-20 07:48:55.662264,person
2026-06-20 07:48:55.719659,person
2026-06-20 07:48:55.781340,person
2026-06-20 07:48:55.840207,person
2026-06-20 07:48:55.897891,person
2026-06-20 07:48:55.957844,person
2026-06-20 07:48:56.020356,person
2026-06-20 07:48:56.081357,person
2026-06-20 07:48:56.138848,person
2026-06-20 07:48:56.199749,person
2026-06-20 07:48:56.260738,person
2026-06-20 07:48:56.320467,person
2026-06-20 07:48:56.322488,cell phone
2026-06-20 07:48:56.384332,person
2026-06-20 07:48:56.386454,cell phone
2026-06-20 07:48:56.447156,person
2026-06-20 07:48:56.449685,cell phone
2026-06-20 07:48:56.509091,person
2026-06-20 07:48:56.566867,person
2026-06-20 07:48:56.626709,person
2026-06-20 07:48:56.688738,person
2026-06-20 07:48:56.748421,cell phone
2026-06-20 07:48:56.750729,person
2026-06-20 07:48:56.823733,person
2026-06-20 07:48:56.826829,cell phone
2026-06-20 07:48:56.890569,person
2026-06-20 07:48:56.893163,cell phone
2026-06-20 07:48:56.951861,person
2026-06-20 07:48:56.956176,cell phone
2026-06-20 07:48:57.013712,person
2026-06-20 07:48:57.016447,cell phone
2026-06-20 07:48:57.075110,person
2026-06-20 07:48:57.138813,person
2026-06-20 07:48:57.201724,person
2026-06-20 07:48:57.204490,cell phone
2026-06-20 07:48:57.261516,person
2026-06-20 07:48:57.264175,cell phone
2026-06-20 07:48:57.325568,person
2026-06-20 07:48:57.328338,cell phone
2026-06-20 07:48:57.387790,person
2026-06-20 07:48:57.390234,cell phone
2026-06-20 07:48:57.445698,person
2026-06-20 07:48:57.448009,cell phone
2026-06-20 07:48:57.507549,person
2026-06-20 07:48:57.509964,cell phone
2026-06-20 07:48:57.569856,person
2026-06-20 07:48:57.572059,cell phone
2026-06-20 07:48:57.633886,person
2026-06-20 07:48:57.636197,cell phone
2026-06-20 07:48:57.696250,person
2026-06-20 07:48:57.698691,cell phone
2026-06-20 07:48:57.759094,person
2026-06-20 07:48:57.761800,cell phone
2026-06-20 07:48:57.821013,cell phone
2026-06-20 07:48:57.823070,person
2026-06-20 07:48:57.884586,person
2026-06-20 07:48:57.886819,cell phone
2026-06-20 07:48:57.946645,person
2026-06-20 07:48:57.948826,cell phone
2026-06-20 07:48:58.012962,person
2026-06-20 07:48:58.015570,cell phone
2026-06-20 07:48:58.074647,person
2026-06-20 07:48:58.077110,cell phone
2026-06-20 07:48:58.137659,person
2026-06-20 07:48:58.140168,cell phone
2026-06-20 07:48:58.199476,person
2026-06-20 07:48:58.202983,cell phone
2026-06-20 07:48:58.264342,person
2026-06-20 07:48:58.267223,cell phone
2026-06-20 07:48:58.326976,person
2026-06-20 07:48:58.329593,cell phone
2026-06-20 07:48:58.387124,cell phone
2026-06-20 07:48:58.389663,person
2026-06-20 07:48:58.452901,person
2026-06-20 07:48:58.455578,cell phone
2026-06-20 07:48:58.515715,person
2026-06-20 07:48:58.517812,cell phone
2026-06-20 07:48:58.575342,person
2026-06-20 07:48:58.577966,cell phone
2026-06-20 07:48:58.640664,cell phone
2026-06-20 07:48:58.642841,person
2026-06-20 07:48:58.705208,person
2026-06-20 07:48:58.707366,cell phone
2026-06-20 07:48:58.763857,person
2026-06-20 07:48:58.766495,cell phone
2026-06-20 07:48:58.828963,person
2026-06-20 07:48:58.834235,cell phone
2026-06-20 07:48:58.919471,cell phone
2026-06-20 07:48:58.921806,person
2026-06-20 07:48:58.981842,cell phone
2026-06-20 07:48:58.984090,person
2026-06-20 07:48:59.042054,cell phone
2026-06-20 07:48:59.044600,person
2026-06-20 07:48:59.103110,person
2026-06-20 07:48:59.106166,cell phone
2026-06-20 07:48:59.163512,person
2026-06-20 07:48:59.165931,cell phone
2026-06-20 07:48:59.227570,person
2026-06-20 07:48:59.230209,cell phone
2026-06-20 07:48:59.293620,person
2026-06-20 07:48:59.295743,cell phone
2026-06-20 07:48:59.355676,person
2026-06-20 07:48:59.357726,cell phone
2026-06-20 07:48:59.413433,person
2026-06-20 07:48:59.415557,cell phone
2026-06-20 07:48:59.474918,cell phone
2026-06-20 07:48:59.477174,person
2026-06-20 07:48:59.542648,person
2026-06-20 07:48:59.572560,cell phone
2026-06-20 07:48:59.635473,person
2026-06-20 07:48:59.637903,cell phone
2026-06-20 07:48:59.699575,person
2026-06-20 07:48:59.701688,cell phone
2026-06-20 07:48:59.763391,person
2026-06-20 07:48:59.765641,cell phone
2026-06-20 07:48:59.826748,person
2026-06-20 07:48:59.829353,cell phone
2026-06-20 07:48:59.888089,person
2026-06-20 07:48:59.890272,cell phone
2026-06-20 07:48:59.951810,person
2026-06-20 07:48:59.954357,cell phone
2026-06-20 07:49:00.013249,person
2026-06-20 07:49:00.016918,cell phone
2026-06-20 07:49:00.083188,person
2026-06-20 07:49:00.085860,cell phone
2026-06-20 07:49:00.148481,person
2026-06-20 07:49:00.150791,cell phone
2026-06-20 07:49:00.212160,person
2026-06-20 07:49:00.214729,cell phone
2026-06-20 07:49:00.273349,person
2026-06-20 07:49:00.275651,cell phone
2026-06-20 07:49:00.330312,person
2026-06-20 07:49:00.332869,cell phone
2026-06-20 07:49:00.396107,person
2026-06-20 07:49:00.398224,cell phone
2026-06-20 07:49:00.459319,person
2026-06-20 07:49:00.461584,cell phone
2026-06-20 07:49:00.518946,person
2026-06-20 07:49:00.521283,cell phone
2026-06-20 07:49:00.580570,person
2026-06-20 07:49:00.582926,cell phone
2026-06-20 07:49:00.642360,person
2026-06-20 07:49:00.644692,cell phone
2026-06-20 07:49:00.702163,person
2026-06-20 07:49:00.704773,cell phone
2026-06-20 07:49:00.766091,person
2026-06-20 07:49:00.768492,cell phone
2026-06-20 07:49:00.828885,person
2026-06-20 07:49:00.830990,cell phone
